{"\n": 0.027545148678818115, "W": 0.002693722682822015, "e": 0.09668053706751077, "l": 0.03177963881056946, "c": 0.013699204460888613, "o": 0.058643495760269164, "m": 0.02096282243441257, "T": 0.004926263272086954, "h": 0.052511870198203484, " ": 0.1636148291005901, "S": 0.0014883603928432924, "n": 0.04664227991656797, "t": 0.07077048853857683, "s": 0.05089773287075372, "y": 0.020491158929638285, "a": 0.047868605028981104, "O": 0.0013311392245851982, "r": 0.04362363348601256, "A": 0.0038886035615835314, "I": 0.0069282128145733545, ".": 0.005565629356336537, "F": 0.0011110295890238663, "f": 0.01630907585397298, "i": 0.044357332271217, "u": 0.02409676438835725, "w": 0.01721047721865272, "d": 0.028530401333235506, ",": 0.018887503013405724, "b": 0.0113408869370172, "'": 0.004265934365402958, "g": 0.014066053853490834, "v": 0.009695305375915814, "B": 0.0015302860377121176, "p": 0.010345152871382603, "H": 0.0006812917291184085, ":": 0.0017713584957078621, "-": 0.000922364187114153, "M": 0.000995734065634597, "k": 0.0057228505245946314, "P": 0.0002620352804301571, "z": 0.000220109635561332, ";": 0.003050090664207029, "x": 0.0006393660842495834, "!": 0.000922364187114153, "L": 0.001362583458236817, "N": 0.0007965872525076776, "D": 0.00045070068233987027, "?": 0.0010166968880690097, "C": 0.0010166968880690097, "V": 0.000807068663724884, "U": 0.000220109635561332, "q": 0.0005450333832947268, "j": 0.0006917731403356148, "R": 0.00018866540190971314, "Y": 0.0003563679813850137, "X": 0.002358317523871414, "G": 0.00017818399069250684, "(": 5.2407056086031423e-05, ")": 5.2407056086031423e-05, "E": 0.00024107245799574455, "K": 6.28884673032377e-05, "J": 3.144423365161885e-05, "2": 2.096282243441257e-05, "0": 3.144423365161885e-05, "1": 2.096282243441257e-05, "4": 1.0481411217206284e-05}