{"\u0414": 0.0012380540644601312, "\u043e": 0.08686708427480486, "\u0441": 0.0397977955667375, "\u0442": 0.0488168368714407, "\u0435": 0.066175317417313, "\u0432": 0.034533576407933836, "\u043a": 0.02467810179426562, "\u0438": 0.050025018317723505, "\u0439": 0.007932009921028415, " ": 0.1660295224447087, "\u0424": 9.127744443070673e-05, "\u0434": 0.02320189657933628, "\u0440": 0.031031841721592176, "\u041c": 0.0005476646665842404, "\u0445": 0.006616784926276867, "\u0430": 0.059773449382922984, "\u043b": 0.03458336410489604, "\u0447": 0.013335634631326252, "\n": 0.003691757729747402, "\u041f": 0.0018637194562851575, "\u0443": 0.02225427074715567, "\u043f": 0.01928526441830959, "\u043d": 0.04867992070479464, "\u0437": 0.011359892856876138, "L": 1.6595898987401223e-06, "i": 4.646851716472342e-05, "b": 9.127744443070672e-06, ".": 0.01383268180599892, "r": 3.900036262039287e-05, "u": 4.231954241787312e-05, "/": 1.1617129291180856e-05, "\u041a": 0.0007559431988761258, ":": 0.000853859002901793, "[": 1.1617129291180856e-05, "\u0420": 0.0015890573280436672, "\u0433": 0.0128908645384639, "\u0446": 0.002237956978451055, "\u044f": 0.015680635158246047, "]": 1.1617129291180856e-05, "\u041d": 0.0016181001512716193, "\u041e": 0.001277054427080524, "\u0431": 0.012945631005122324, "\u0436": 0.008560164697701551, "\u044b": 0.012695032930412565, "\u043c": 0.023622602618666902, "\u0449": 0.002429639611755539, "\u044c": 0.017010796462086253, "3": 7.966031513952588e-05, "1": 0.0003335775696467646, "2": 0.00012446924240550918, ",": 0.02239118691380173, "0": 9.293703432944685e-05, "6": 0.0001667887848233823, "7": 6.140482625338453e-05, "8": 0.00018753365855763384, "(": 0.00035349264843164606, "y": 2.4893848481101837e-06, "e": 7.717093029141569e-05, "s": 4.8957902012833606e-05, "@": 1.6595898987401223e-06, "l": 2.323425858236171e-05, ")": 0.0003543224433810161, "\u0413": 0.0002472788949122782, "4": 7.468154544330551e-05, "k": 2.4893848481101837e-06, "\u0421": 0.0014820137795749293, "\u0418": 0.0009069658796614768, "\u044e": 0.0043879556922688835, "\u0448": 0.0060981630829205795, "F": 8.297949493700612e-07, "B": 3.3191797974802446e-06, "5": 7.136236564582526e-05, "*": 3.3191797974802446e-06, "\u0412": 0.0012944801210172953, "\u0410": 0.0010845419988266699, "\u044d": 0.002254552877438456, "\u0427": 0.0003377265443936149, "I": 0.00011949047270928881, "-": 0.01342774187070633, "\u0444": 0.0009102850594589571, ";": 0.0010770738442823394, "\"": 0.0019691034148551553, "!": 0.0027192380490856905, "\u0451": 0.0008190076150282504, "\u041b": 0.00036842895752030715, "?": 0.0018786557653738185, "\u042d": 0.0004082591150900701, "\u0422": 0.0006148780574832154, "\u0411": 0.0002348319706717273, "\u044a": 0.00018006550401330327, "\u0428": 2.738323332921202e-05, "\u042f": 0.0005194516383056583, "\u0415": 0.00023234258582361712, "\u0417": 0.0004464296827610929, "\u0426": 1.576610403803116e-05, "\u0423": 0.00018919324845637395, "\u0425": 9.210723938007679e-05, "\u0416": 4.1489747468503056e-05, "V": 3.900036262039287e-05, "'": 9.127744443070672e-06, "\u042e": 7.4681545443305506e-06, "\u042c": 5.808564645590428e-06, "c": 1.576610403803116e-05, "h": 1.4936309088661101e-05, "d": 1.6595898987401224e-05, "a": 4.0659952519133e-05, "n": 5.2277081810313855e-05, "C": 5.808564645590428e-06, "o": 3.568118282291263e-05, "f": 3.3191797974802446e-06, "A": 2.4893848481101837e-06, "z": 4.148974746850306e-06, "\u00e9": 6.638359594960489e-06, "\u0429": 8.297949493700612e-07, "9": 6.804318584834501e-05, "v": 1.3276719189920978e-05, "\u00ea": 8.297949493700612e-07, "t": 3.900036262039287e-05, "p": 6.638359594960489e-06, "g": 9.127744443070672e-06, "m": 1.6595898987401224e-05, "j": 1.6595898987401223e-06, "\u0007": 8.297949493700612e-07, "q": 5.808564645590428e-06, "M": 9.127744443070672e-06, "N": 3.319179797480245e-05, "P": 1.6595898987401223e-06, "D": 3.3191797974802446e-06, "\u00f6": 8.297949493700612e-07, "\u00e4": 8.297949493700612e-07, "w": 3.3191797974802446e-06, "\u00e8": 8.297949493700612e-07, "O": 8.297949493700612e-07, "\u00f9": 8.297949493700612e-07, "H": 9.127744443070672e-06, "<": 2.6553438379841957e-05, ">": 2.6553438379841957e-05, "X": 3.319179797480245e-05, "E": 1.6595898987401223e-06, "x": 2.4893848481101837e-06}